5,12/15/2022
5,12/23/2022
1,1/31/2023
1,2/7/2023
5,2/7/2023
5,2/16/2023
5,2/20/2023
5,2/21/2023
5,2/22/2023
5,2/26/2023
5,2/26/2023
5,2/27/2023
5,3/1/2023
5,3/3/2023
5,3/3/2023
5,3/4/2023
5,3/4/2023
5,3/5/2023
5,3/5/2023
1,3/7/2023
5,3/8/2023
5,3/9/2023
5,3/11/2023
5,3/11/2023
5,3/12/2023
5,3/12/2023
5,3/15/2023
1,3/16/2023
5,3/16/2023
5,3/17/2023
5,3/17/2023
3,3/18/2023
5,3/19/2023
5,3/19/2023
4,3/19/2023
1,3/19/2023
1,3/19/2023
4,3/19/2023
1,3/20/2023
5,3/20/2023
2,3/20/2023
1,3/20/2023
4,3/20/2023
5,3/21/2023
5,3/21/2023
1,3/21/2023
5,3/21/2023
5,3/21/2023
5,3/21/2023
5,3/21/2023
5,3/21/2023
5,3/21/2023
1,3/21/2023
5,3/21/2023
5,3/21/2023
5,3/22/2023
3,3/22/2023
5,3/23/2023
5,3/23/2023
5,3/23/2023
5,3/24/2023
5,3/24/2023
1,3/24/2023
1,3/24/2023
5,3/25/2023
4,3/26/2023
1,3/26/2023
4,3/26/2023
1,3/27/2023
3,3/27/2023
5,3/27/2023
3,3/27/2023
5,3/27/2023
4,3/28/2023
1,3/28/2023
1,3/31/2023
5,4/1/2023
5,4/2/2023
5,4/2/2023
1,4/3/2023
3,4/3/2023
5,4/4/2023
1,4/5/2023
3,4/6/2023
5,4/6/2023
5,4/6/2023
5,4/6/2023
5,4/7/2023
1,4/7/2023
4,4/8/2023
5,4/9/2023
1,4/9/2023
5,4/11/2023
1,4/11/2023
1,4/12/2023
1,4/13/2023
5,4/13/2023
5,4/13/2023
4,4/13/2023
3,4/14/2023
5,4/14/2023
5,4/15/2023
1,4/16/2023
5,4/16/2023
5,4/17/2023
1,4/18/2023
5,4/18/2023
5,4/18/2023
5,4/18/2023
1,4/20/2023
5,4/21/2023
5,4/21/2023
2,4/22/2023
4,4/25/2023
5,4/25/2023
5,4/26/2023
1,4/26/2023
1,4/27/2023
1,4/27/2023
4,4/27/2023
5,4/28/2023
5,4/29/2023
5,4/29/2023
5,4/29/2023
5,4/29/2023
5,4/29/2023
5,4/29/2023
5,4/29/2023
5,5/1/2023
1,5/2/2023
4,5/2/2023
1,5/2/2023
5,5/4/2023
1,5/5/2023
1,5/5/2023
5,5/5/2023
1,5/6/2023
4,5/7/2023
5,5/8/2023
5,5/9/2023
1,5/12/2023
5,5/12/2023
5,5/12/2023
5,5/13/2023
3,5/13/2023
2,5/13/2023
5,5/14/2023
5,5/15/2023
2,5/17/2023
5,5/17/2023
4,5/17/2023
2,5/17/2023
5,5/18/2023
1,5/19/2023
4,5/19/2023
5,5/20/2023
3,5/21/2023
1,5/22/2023
5,5/23/2023
2,5/24/2023
3,5/26/2023
1,5/27/2023
3,5/28/2023
5,5/31/2023
5,6/1/2023
1,6/3/2023
5,6/4/2023
4,6/5/2023
1,6/5/2023
5,6/5/2023
5,6/6/2023
5,6/7/2023
1,6/9/2023
4,6/9/2023
5,6/10/2023
4,6/10/2023
5,6/13/2023
5,6/14/2023
5,6/15/2023
3,6/15/2023
1,6/15/2023
5,6/15/2023
4,6/16/2023
1,6/16/2023
1,6/16/2023
5,6/16/2023
5,6/16/2023
4,6/17/2023
5,6/17/2023
1,6/18/2023
5,6/18/2023
4,6/18/2023
5,6/19/2023
5,6/19/2023
5,6/19/2023
5,6/20/2023
5,6/20/2023
1,6/20/2023
3,6/21/2023
5,6/22/2023
5,6/22/2023
5,6/23/2023
5,6/23/2023
5,6/23/2023
5,6/24/2023
5,6/24/2023
5,6/26/2023
5,6/28/2023
5,7/1/2023
5,7/1/2023
4,7/1/2023
5,7/2/2023
1,7/2/2023
4,7/2/2023
